Stock #,N / U,Year,Make,Age,Model
X302973,New,2023,ARCTIC CAT,2,#PROWLERPROEPS
M001063,New,2023,Sherco,339,125 SE-R
M000016,New,2023,BETA,317,125RR
M000044,New,2023,BETA,317,200RR
M000209,New,2023,BETA,317,200RR
M001027,New,2023,Sherco,443,250 SE
M001240,New,2023,Sherco,338,250 SE-R
M000549,New,2022,Sherco,632,250 SE-R 2T FACTORY
M100042,New,2023,BETA,324,250RR
M100088,New,2023,BETA,317,250RR
M100074,New,2023,BETA,317,250RR
M251986,New,2022,BETA,372,300 RR-RACE
M003876,New,2023,Sherco,339,300 SE-R
M000009,New,2022,Sherco,721,300 SEF-R FACTORY 4T
M000829,New,2022,CFMOTO,464,300NK
M001137,New,2022,CFMOTO,542,300NK
M200266,New,2023,BETA,317,300RR
M200217,New,2023,BETA,324,300RR
M002833,New,2023,Sherco,443,300SE
M100074X,New,2023,BETA,129,350 RR
M100026,New,2023,BETA,282,350RR
M200233,New,2023,BETA,129,390RR
M000147,New,2023,Sherco,443,450 SEF
M000271,New,2023,Sherco,276,450 SEF-R
M400075,New,2023,BETA,129,480 RR
T023938,New,2019,CARRY-ON ,1582,5X8SP
M002088,New,2022,CFMOTO,542,650 ADVentura
M002087,New,2022,CFMOTO,379,650 ADVentura (DEMO)
M000715,New,2022,CFMOTO,379,650 NK
M000201,New,2022,CFMOTO,379,650NK
M000584,New,2022,CFMOTO,542,650NK
M000610,New,2022,CFMOTO,542,650NK
M000207,New,2022,CFMOTO,542,650NK
M000930,New,2022,CFMOTO,464,700CL-X
M000947,New,2022,CFMOTO,379,700CL-X
A202063,New,2022,ARCTIC CAT,464,A2022XBQ2PUSU
S000684,New,2024,HONDA,30,ADV160AR
U245518,Used,2022,KTM,47,Adventure 390
U300263,Used,2019,HONDA,122,AFRICA TWIN ADV SPORT
U000354,Used,2016,HONDA,122,AFRICA TWIN DCT
U300043,Used,2019,HONDA,122,AFRICA TWIN DCT
A201888,New,2023,ARCTIC CAT,185,Alterra 600 XT
A201853,New,2023,ARCTIC CAT,185,Alterra 600 XT
A6L1125,New,2022,ARCTIC CAT,470,ALTERRA90
A001666,New,2022,KAYO,513,AU200
XA47718,New,2022,ARGO,366,AURORA 950 HUNTMASTER 8X8
A004024,New,2022,KAYO,513,AY70
A003742,New,2022,KAYO,513,AY70
SN100508,New,2024,ARCTIC CAT,120,Blast M 4000
SN100533,New,2024,ARCTIC CAT,120,Blast M 4000
SN100521,New,2024,ARCTIC CAT,120,Blast M 4000
SN100545,New,2024,ARCTIC CAT,120,Blast M 4000
E090997,New,2022,VOLCON,296,BRAT
E090210,New,2022,VOLCON,256,BRAT
M400151,New,2024,HONDA,30,CB300RAR
M400868,New,2023,HONDA,9,CB500F ABS
U300226,Used,2022,HONDA,42,CB500FAN
M400520,New,2023,HONDA,30,CB650RAP
M400863,New,2023,HONDA,30,CBR500RAP
M400330,New,2023,HONDA,30,CBR650RAP
A000481,New,2024,CFMOTO,14,CF1000AZ
A000569,New,2024,CFMOTO,14,CF500AZ-10S
A001842,New,2022,CFMOTO,491,CFORCE 1000 OVERLAND
A002703,New,2023,CFMOTO,176,CFORCE 1000 OVERLAND
A003322,New,2022,CFMOTO,366,CFORCE 1000 OVERLAND
A000763,New,2023,CFMOTO,176,CFORCE 1000 OVERLAND
A002979,New,2023,CFMOTO,52,CFORCE 110
A004355,New,2023,CFMOTO,71,CFORCE 110
A004235,New,2023,CFMOTO,184,CFORCE 110
A002870,New,2023,CFMOTO,149,CFORCE 400
A002224,New,2022,CFMOTO,325,CFORCE 600
A001130,New,2023,CFMOTO,80,CFORCE 600
A001122,New,2023,CFMOTO,80,CFORCE 600
A001616,New,2023,CFMOTO,184,CFORCE 600
A001619,New,2023,CFMOTO,184,CFORCE 600
A000602,New,2023,CFMOTO,100,CFORCE 600
A000747,New,2023,CFMOTO,100,CFORCE 600
A000860,New,2023,CFMOTO,100,CFORCE 600 TOURING
A007401,New,2023,CFMOTO,100,CFORCE 600 TOURING
A002898,New,2023,CFMOTO,149,CFORCE 800 XC
U387549,Used,2020,INDIAN,3,CHALLENGER DARK HORSE
M001453,New,2023,HONDA,30,CL500AP
M603734,New,2024,HONDA,9,CRF110F
M603718,New,2024,HONDA,9,CRF110F
M503159,New,2023,HONDA,260,CRF125FBP
M503736,New,2023,HONDA,204,CRF125FBP
M503721,New,2023,HONDA,204,CRF125FBP
M501431,New,2023,HONDA,360,CRF125FBP
M501363,New,2023,HONDA,360,CRF125FBP
M502574,New,2023,HONDA,260,CRF125FP
M502591,New,2023,HONDA,260,CRF125FP
M502867,New,2023,HONDA,204,CRF125FP
M602232,New,2024,HONDA,28,CRF250RR
M602234,New,2024,HONDA,28,CRF250RR
M602235,New,2024,HONDA,28,CRF250RR
M501028,New,2024,HONDA,30,CRF250RXR
M400536,New,2023,HONDA,232,CRF450RLP
U502633,Used,2022,HONDA,262,CRF450RN
M602440,New,2023,HONDA,190,CRF450RP
M602786,New,2023,HONDA,155,CRF450RP
M602766,New,2023,HONDA,155,CRF450RP
M301016,New,2023,HONDA,260,CRF450RSP
M301022,New,2023,HONDA,260,CRF450RSP
M301172,New,2023,HONDA,260,CRF450RSP
M607334,New,2022,HONDA,602,CRF50FN
M600201,New,2022,HONDA,379,CRF50FN
M607165,New,2022,HONDA,602,CRF50FN
M703814,New,2023,HONDA,260,CRF50FP
M701393,New,2023,HONDA,401,CRF50FP
M703938,New,2023,HONDA,260,CRF50FP
M006405,New,2023,DUCATI,182,Desert X
M003186,New,2023,DUCATI,85,Desert X
M000465,New,2024,DUCATI,57,Diavel V4
M001841,New,2023,DUCATI,127,Diavel V4
U100153,Used,2023,SUZUKI,81,DR 650S
T069944,New,2023,ECHO,23,ECHO ELITE 4'6 X 8' ATV TRAILER
T068265,New,2023,ECHO,142,ECONO 19L X 6 EXTRA WIDE 
T071370,New,2024,ECHO,142,ECONO3
T068187,New,2023,ECHO,382,ECONO3
M001659,New,2022,HONDA,386,ELECTRIC MOTORBIKE
U002014,Used,2021,EM ,105,ESCAPE
P3143,New,2022,HONDA ,612,EU3000S
P3144,New,2022,HONDA ,612,EU3000S
P3148,New,2022,HONDA ,612,EU3000S
P3145,New,2022,HONDA ,612,EU3000S
P3147,New,2022,HONDA ,612,EU3000S
U100553,Used,2020,BETA,157,EVO 125
U790426,Used,2019,BMW,122,F 850 GS
U005359,Used,2021,KTM,372,Freeride E-XC
U172855,Used,2022,INDIAN,33,FTR 1200 RALLY
U154912,Used,2019,INDIAN,282,"FTR 1200 S, RACE REPLICA"
U800386,Used,1996,HONDA,107,GL1500
M500407,New,2023,HONDA,276,GL1800DP
U300323,Used,2004,HONDA,163,Gold Wing ABS
C400488,Consig,2022,HONDA,0,GOLDWING F6B DCT
M106207,New,2023,HONDA,248,GROM125P
M108962,New,2023,HONDA,190,GROM125P
M108012,New,2023,HONDA,190,GROM125P
M108048,New,2023,HONDA,190,GROM125P
MF00821,New,2022,VOLCON,379,GRUNT
M009464,New,2023,DUCATI,80,Hypermotard 950
M001797,New,2023,CFMOTO,80,IBEX 800-S
M002067,New,2023,CFMOTO,80,IBEX 800-T
M001103,New,2021,KAYO,399,K6EFI
U018314,Used,2021,KAWASAKI,372,KX 450
SN100229,New,2024,ARCTIC CAT,120,M 8000 Hardcore 146 2.6 ES
SN100308,New,2024,ARCTIC CAT,120,M 8000 Hardcore 154 3.0
SN100301,New,2024,ARCTIC CAT,120,M 8000 Hardcore 154 3.0 ES
SN100573,New,2024,ARCTIC CAT,120,M 8000 Hardcore 165 3.0
SN100629,New,2024,ARCTIC CAT,120,M 8000 Hardcore 165 3.0 ES
SN100451,New,2024,ARCTIC CAT,120,M 8000 Mountain Cat 154 3.0
SN100546,New,2024,ARCTIC CAT,120,M 8000 Mountain Cat 165 3.0
SN100533X,New,2024,ARCTIC CAT,120,M 8000 Mountain Cat 165 3.0
SN100502,New,2024,ARCTIC CAT,120,M 8000 Mountain Cat 165 3.0 ES
SN100504,New,2024,ARCTIC CAT,120,M 8000 Mountain Cat 165 3.0 ES
M008614,New,2024,DUCATI,30,M937+
X100161,New,2023,ARGO,352,MAGNUM XF 500
S602177,New,2023,HONDA,176,METROPOLITAN
S701900,New,2024,HONDA,30,METROPOLITAN
S701851,New,2024,HONDA,30,METROPOLITAN
S602114,New,2023,HONDA,176,METROPOLITAN
M008292,New,2023,DUCATI,87,Monster 937+
M008102,New,2023,DUCATI,127,MONSTER SP
U015846,Used,2005,ALUMA,141,MOTORCYCLE TOURING TRAILER
M300013,New,2022,RIEJU,372,MR 250 Race
M300021,New,2022,RIEJU,372,MR 250 Race
M300015,New,2022,RIEJU,490,MR 250 Race
M400440,New,2023,RIEJU,401,MR300
U001623,Used,2013,DUCATI,2,MS1200SGT
C003189,Consig,2019,YAMAHA,0,MT 07
M007269,New,2023,DUCATI,260,Multistrada V2 S
M014907,New,2023,DUCATI,120,Multistrada V4 Pikes Peak
M015211,New,2023,DUCATI,175,Multistrada V4 S
M015346,New,2023,DUCATI,115,Multistrada V4 S
M015357,New,2023,DUCATI,115,MULTISTRADA V4 S
M014642,New,2023,DUCATI,269,Multistrada V4 S
M014206,New,2022,DUCATI,437,Multistrada V4 S Travel & Radar
S008397,New,2022,HONDA,0,NAVI
S100016,New,2023,HONDA,156,NVA110BN
S100057,New,2023,HONDA,156,NVA110BN
S012687,New,2022,HONDA,290,NVA110BN
U012681,Used,2022,HONDA,3,NVA110BN
S008384,New,2022,HONDA,409,NVA110BN
M013027,New,2024,DUCATI,43,PANV2
M000246,New,2022,CFMOTO,464,PAPIO 125
M000700,New,2022,CFMOTO,473,PAPIO 125
M000343,New,2022,CFMOTO,366,PAPIO 125
S100151,New,2022,HONDA,366,PCX150AN
S100451,New,2022,HONDA,486,PCX150N
X700088,New,2023,HONDA,87,PIONEER 1000
X700171,New,2023,HONDA,87,PIONEER 1000 DELUXE
X700043,New,2023,HONDA,9,PIONEER 1000 TRAIL
X801440,New,2023,HONDA,87,PIONEER 700-4
X302075,New,2023,ARCTIC CAT,134,PRWLRPRO XT
M401028,New,2022,SWM,480,RE500
M401030,New,2022,SWM,366,RE500R
M201315,New,2023,HONDA,91,REBEL 1100 DCT
S00550,New,2022,ARCTIC CAT,317,RIOTX8000 146 ES SK 2.6
S202737,New,2024,HONDA,30,RUCKUS
U423592,Used,2023,POLARIS,74,RZR XP 1000 SPORT - CRUISER 
SN101328,New,2024,ARCTIC CAT,30,S2024ZRAABUSG
SN101269,New,2024,ARCTIC CAT,30,S2024ZRAABUSG
M001256,New,2023,DUCATI,317,Scrambler 1100 Dark PRO
U001197,Used,2018,DUCATI,381,Scrambler 1100 Special
M006155,New,2022,DUCATI,436,SCRAMBLER 800 ICON
M002223X,New,2023,DUCATI,98,SCRAMBLER NIGHTSHIFT
M006558,New,2023,DUCATI,386,SCRAMBLER URBAN MOTARD
M002046,New,2023,Sherco,317,SE-F 300
M001996,New,2023,Sherco,317,SE-F 300
M000545,New,2023,Sherco,280,SEF250
U024615,Used,2021,HARLEY,122,Softail Fat Bob 114
M111057,New,2021,SSR,841,SR110 SEMI
M112917,New,2021,SSR,772,SR110DX
M113108,New,2021,SSR,772,SR110DX
M112982,New,2021,SSR,772,SR110DX
M108646,New,2021,SSR,925,SR110DX
M108692,New,2021,SSR,925,SR110DX
M108908,New,2021,SSR,925,SR110DX
M108368,New,2021,SSR,925,SR110DX
M108711,New,2021,SSR,925,SR110DX
M113220,New,2021,SSR,772,SR110DX
M107012,New,2021,SSR,925,SR110SEMI
M100927,New,2021,SSR,772,SR125
M002529,New,2022,SSR,598,SR150
M008839,New,2021,SSR,680,SR189
M008991,New,2021,SSR,680,SR189
M008841,New,2021,SSR,680,SR189
M001013,New,2022,SSR,554,SRN070AUTO
M113251,New,2021,SSR,554,SRN110DX-21
M103333,New,2022,SSR,554,SRN110SEMI
M100176,New,2022,SSR,554,SRN110SEMI
M100181,New,2022,SSR,554,SRN110SEMI
M103325,New,2022,SSR,554,SRN110SEMI
UAU8712,Used,2022,TRIUMPH,172,Street Triple RS
M003078,New,2023,DUCATI,317,STREETFIGHTER V2
M009051,New,2023,DUCATI,98,Streetfighter V4
U000417,Used,2017,KTM,282,SX 65
X700348,New,2023,HONDA,155,SXS10M5DFP
X700160,New,2023,HONDA,114,SXS10M5DP
X700256,New,2023,HONDA,114,SXS10M5DP
X700459,New,2023,HONDA,150,SXS10M5DTP
X702953,New,2023,HONDA,18,SXS10M5DTP
X701226,New,2023,HONDA,206,SXS10M5DTP
X702773,New,2023,HONDA,108,SXS10M5DTP
X702759,New,2023,HONDA,108,SXS10M5DTP
X001559,New,2023,HONDA,273,SXS10M6DP
X400645,New,2023,HONDA,155,SXS10S2RDSP
X400420,New,2023,HONDA,141,SXS10S2RSP
X900382,New,2024,HONDA,8,SXS700M2DR
U000764,Used,2020,HONDA,494,TALON 1000 X-4
X400575,New,2023,HONDA,181,Talon 1000RS FOX Live Valve
C200480,Consig,2021,HONDA,0,TALON1000R
X400065,New,2023,HONDA,221,TALON1000R
X400945,New,2023,HONDA,155,TALON1000R FOX LIVE VALVE
X300112,New,2022,HONDA,334,TALON1000R FOX LIVE VALVE
X400033,New,2023,HONDA,135,TALON1000X
X300154,New,2023,HONDA,18,TALON1000X4 FOX LIVEVALVE
A800145,New,2024,HONDA,8,TRX250TE1R
A201473,New,2023,HONDA,28,TRX250XP
A900182,New,2024,HONDA,143,TRX420FA5R
A800623,New,2023,HONDA,157,TRX420FA6LM
A900058,New,2024,HONDA,28,TRX420FA6LR
A000455,New,2024,HONDA,43,TRX420FE1R
A905680,New,2023,HONDA,206,TRX420FM1P
A002101,New,2024,HONDA,113,TRX420FM1R
U301415,Used,2010,HONDA,43,TRX420FPEA
A900729,New,2023,HONDA,156,TRX420TE1P
A900727,New,2023,HONDA,156,TRX420TE1P
A900374,New,2023,HONDA,156,TRX420TE1P
A900381,New,2023,HONDA,156,TRX420TE1P
A801855,New,2022,HONDA,372,TRX420TM1N
A901258,New,2023,HONDA,156,TRX420TM1P
A901269,New,2023,HONDA,156,TRX420TM1P
A901255,New,2023,HONDA,156,TRX420TM1P
A901270,New,2023,HONDA,156,TRX420TM1P
A800031,New,2023,HONDA,28,TRX520FA6LP
A930307,New,2024,HONDA,9,TRX520FA7LR
A805576,New,2022,HONDA,407,TRX520FM1N
A902906,New,2023,HONDA,332,TRX520FM1P
A902664,New,2023,HONDA,227,TRX520FM1P
A000285,New,2024,HONDA,190,TRX520FM1R
A000206,New,2024,HONDA,98,TRX520FM2R
A900270,New,2024,HONDA,9,TRX520FM6LR
A101108,New,2023,HONDA,189,TRX90XP
UA48992,Used,2021,KAWASAKI,122,VERSYS 650 LT
C005169,Consig,2007,YAMAHA,0,Virago 250
M700132,New,2023,HONDA,260,VT13CXAP
M300565,New,2023,HONDA,260,VT750C2BP
M300405,New,2023,HONDA,190,VT750C2BP
X300355,New,2022,ARCTIC CAT,359,WC XX SE EPS
M000134,New,2022,DUCATI,435,X DIAVEL S
A440106,New,2022,ARGO,639,XC90
U416735,Used,2019,HARLEY,122,XL1200CX
AE70250,New,2022,ARGO,386,XPLORER
A015296,New,2022,ARGO,0,XPLORER
A015251,New,2022,ARGO,386,XPLORER
AG60377,New,2022,ARGO,386,XPLORER
A440405,New,2022,ARGO,514,XPLORER XC90
A440449,New,2022,ARGO,514,XPLORER XC90
M005925,New,2023,HONDA,8,XR150LP
U004786,Used,2020,YAMAHA,252,YZ 450F
U003845,Used,2020,YAMAHA,553,YZ 450F
X002020,New,2022,CFMOTO,420,ZFORCE 500 TRAIL
X002027,New,2022,CFMOTO,416,ZFORCE 500 TRAIL
X000557,New,2022,CFMOTO,633,ZFORCE 500 Trail
X001983,New,2022,CFMOTO,380,ZFORCE 500 Trail
X002375,New,2023,CFMOTO,88,ZFORCE 800 Trail
X002469,New,2023,CFMOTO,88,ZFORCE 800 Trail
U001769,Used,2019,CFMOTO,518,ZFORCE 800 Trail
X001557,New,2022,CFMOTO,330,ZFORCE 950 HO EX
X000079,New,2024,CFMOTO,8,ZFORCE 950 Sport
X001340,New,2023,CFMOTO,88,ZFORCE 950 Sport
X000120,New,2024,CFMOTO,8,ZFORCE 950 Trail
X000649,New,2023,CFMOTO,100,ZFORCE 950 Trail
X000626,New,2023,CFMOTO,88,ZFORCE 950 Trail
X000564,New,2023,CFMOTO,88,ZFORCE 950 Trail
X000089,New,2024,CFMOTO,8,ZFORCE 950 Trail
X000415,New,2023,CFMOTO,88,ZFORCE 950 Trail
X000750,New,2023,CFMOTO,88,ZFORCE 950 Trail
Major Unit Inventory: 319 records,,,,,
